{
  "kind": "Listing",
  "data":
  {
    "modhash": "",
    "products": [
    {
      "body_html": "<table width=\"100%\" class=\"mce-item-table\"><tbody><tr><td width=\"328\">Giới thiệu chung</td><td width=\"372\">&nbsp;</td></tr><tr><td>Thành phần</td><td width=\"372\">Acid Clohydric, Acid Sulphamic, Noionic surfactant, Polymer, hương liệu</td></tr><tr><td>Quy cách đóng gói</td><td width=\"372\">12 chai/thùng</td></tr><tr><td>Hạn sử dụng</td><td width=\"372\">5 năm</td></tr><tr><td>Dung tích/khối lượng tịnh</td><td width=\"372\">960ml</td></tr><tr><td>Màu sắc nước tẩy</td><td width=\"372\">Hồng</td></tr><tr><td>Mùi hương</td><td width=\"372\">Bạc hà</td></tr><tr><td>Hình dạng</td><td width=\"372\">Chất lỏng</td></tr><tr><td>Công dụng</td><td width=\"372\"><br> - Tẩy sạch vết bẩn cứng đầu, tẩy vết ố vàng, vi trùng và các mùi hôi bám trong toilet.<br> - Khử mùi hôi và diệt sạch 100% vi khuẩn<br> - Lưu lại hương thơm mát cho bồn cầu và nhà vệ sinh&nbsp;</td></tr><tr><td>Điểm khác biệt vượt trội so với sản phẩm khác</td><td width=\"372\">1. OKAY là một trong 05 thương hiệu nước tẩy rửa được yêu thích nhất tại Việt Nam<br> 2. Đánh sạch mọi mảng bám, vết ố vàng, vi khuẩn trên mặt gạch hoặc sứ vệ sinh trong thời gian 5-10 giây sau khi tiếp xúc vết bẩn<br> &nbsp;3. Diệt 100% vi khuẩn trong nhà tắm mà không làm mòn mặt gạch hoặc bồn cầu<br> 4. Thành phần chất tẩy có nồng độ hóa chất vừa phải không gây hại cho da khi tiếp xúc<br> <br> &nbsp;&nbsp;&nbsp;</td></tr><tr><td>Hướng dẫn sử dụng</td><td width=\"372\">'- Hòa Okay với nước theo tỉ lệ 1:3, hoặc đổ trực tiếp dung dịch vào những vết bẩn cứng đầu và bồn cầu<br> - Chờ khoảng 01-02 phút, sau đó dùng nước và chổi cọ thật sạch</td></tr><tr><td>Hướng dẫn bảo quản</td><td width=\"372\">- Bảo quản nơi khô ráo, thoáng mát, tránh ánh nắng trực tiếp<br> - Để xa tầm với của trẻ em, tránh tiếp xúc trực tiếp với dung dịch tẩy&nbsp;</td></tr><tr><td>Công bố chất lượng sản phẩm (Post Ảnh TCCS)</td><td width=\"372\">Công bố tiêu chuẩn cơ sở số...../TCCS/BT ngày</td></tr><tr><td>Thông tin thương hiệu</td><td width=\"372\">'- OKAY là thương hiệu của Công ty WhiteHouse Thái Lan xuất hiện tại thị trường Việt nam từ năm 1998, đến nay, OKAY đã&nbsp; trở thành một trong những thương hiệu về chất tẩy rửa được nhiều người dùng nhất tại Việt Nam. <br> - Để đạt được tiêu chuẩn chất lượng cao nhất, sản phẩm OKAY phải trải qua những quy trình sản xuất nghiêm ngặt tại nhà máy WhiteHouse Thái lan. Đây là đơn vị được cấp chứng nhận ISO 9001:2008 về quản lý hệ thống; ISO 14001:2004 về hệ thống quản lý môi trường và nhiều chứng chỉ quốc tế khác. Các sản phẩm của Whitehouse luôn đạt chất lượng, an toàn cho người sử dụng</td></tr><tr><td>&nbsp;Đơn vị nhập khẩu và phân phối</td><td width=\"372\">Công ty cổ phần đầu tư &amp; bán lẻ BT<br> Đc: Tầng 11, tòa HTP, số 434 Trần Khát Chân, Hai Bà Trưng, Hà Nội</td></tr></tbody></table><p>####</p><p>https://www.youtube.com/watch?v=gAZJ5dn1gVA</p>",
      "created_at": "2017-09-25T07:12:55.825Z",
      "handle": "nuoc-tay-toilet-okay-huong-bac-ha-chai-hong-960ml",
      "id": 1007064411,
      "images": [
      {
        "created_at": "2017-09-25T07:12:56.48Z",
        "id": 1056968715,
        "position": 1,
        "product_id": 1007064411,
        "src": "http://product.hstatic.net/1000220075/product/1.jpg",
        "updated_at": "2017-09-25T07:55:24.742Z",
        "attachment": null,
        "filename": "1.jpg",
        "variant_ids": [1016192210, 1016194027]
      },
      {
        "created_at": "2017-09-25T07:12:56.527Z",
        "id": 1056968716,
        "position": 2,
        "product_id": 1007064411,
        "src": "http://product.hstatic.net/1000220075/product/4.jpg",
        "updated_at": "2017-09-25T07:55:32.769Z",
        "attachment": null,
        "filename": "4.jpg",
        "variant_ids": [1016193971, 1016194028]
      }],
      "product_type": "OKAY",
      "published_at": "2017-09-25T07:12:55.81Z",
      "published_scope": "global",
      "tags": null,
      "template_suffix": "product",
      "title": "NƯỚC TẨY TOILET OKAY HƯƠNG BẠC HÀ CHAI HỒNG 960ML",
      "updated_at": "2017-09-25T07:57:41.173Z",
      "variants": [
      {
        "barcode": null,
        "compare_at_price": 25000,
        "created_at": "2017-09-25T07:12:55.825Z",
        "fulfillment_service": null,
        "grams": 0,
        "id": 1016192210,
        "inventory_management": "haravan",
        "inventory_policy": "deny",
        "inventory_quantity": 12,
        "old_inventory_quantity": 12,
        "inventory_quantity_adjustment": null,
        "position": 1,
        "price": 23750,
        "product_id": 1007064411,
        "requires_shipping": true,
        "sku": null,
        "taxable": true,
        "title": "12 chai/thùng / Nắp bật",
        "updated_at": "2017-09-25T07:57:41.173Z",
        "image_id": 1056968715,
        "option1": "12 chai/thùng",
        "option2": "Nắp bật",
        "option3": null,
        "inventory_advance": null
      },
      {
        "barcode": null,
        "compare_at_price": 45000,
        "created_at": "2017-09-25T07:54:00.439Z",
        "fulfillment_service": null,
        "grams": 0,
        "id": 1016193971,
        "inventory_management": "haravan",
        "inventory_policy": "deny",
        "inventory_quantity": 10,
        "old_inventory_quantity": 10,
        "inventory_quantity_adjustment": null,
        "position": 3,
        "price": 43750,
        "product_id": 1007064411,
        "requires_shipping": true,
        "sku": null,
        "taxable": false,
        "title": "24 chai/thùng / Nắp bật",
        "updated_at": "2017-09-25T07:57:41.173Z",
        "image_id": 1056968716,
        "option1": "24 chai/thùng",
        "option2": "Nắp bật",
        "option3": null,
        "inventory_advance": null
      },
      {
        "barcode": null,
        "compare_at_price": 25000,
        "created_at": "2017-09-25T07:55:00.446Z",
        "fulfillment_service": null,
        "grams": 0,
        "id": 1016194027,
        "inventory_management": "haravan",
        "inventory_policy": "deny",
        "inventory_quantity": 0,
        "old_inventory_quantity": 0,
        "inventory_quantity_adjustment": null,
        "position": 2,
        "price": 23750,
        "product_id": 1007064411,
        "requires_shipping": true,
        "sku": null,
        "taxable": true,
        "title": "12 chai/thùng / Nắp vặn",
        "updated_at": "2017-09-25T07:57:41.173Z",
        "image_id": 1056968715,
        "option1": "12 chai/thùng",
        "option2": "Nắp vặn",
        "option3": null,
        "inventory_advance": null
      },
      {
        "barcode": null,
        "compare_at_price": 45000,
        "created_at": "2017-09-25T07:55:00.446Z",
        "fulfillment_service": null,
        "grams": 0,
        "id": 1016194028,
        "inventory_management": "haravan",
        "inventory_policy": "deny",
        "inventory_quantity": 13,
        "old_inventory_quantity": 13,
        "inventory_quantity_adjustment": null,
        "position": 4,
        "price": 43750,
        "product_id": 1007064411,
        "requires_shipping": true,
        "sku": null,
        "taxable": false,
        "title": "24 chai/thùng / Nắp vặn",
        "updated_at": "2017-09-25T07:57:41.173Z",
        "image_id": 1056968716,
        "option1": "24 chai/thùng",
        "option2": "Nắp vặn",
        "option3": null,
        "inventory_advance": null
      }],
      "vendor": "Thái Lan",
      "options": [
      {
        "name": "Quy cách đóng gói",
        "id": 1538183228,
        "position": 1,
        "product_id": 1007064411
      },
      {
        "name": "Style",
        "id": 1538233484,
        "position": 2,
        "product_id": 1007064411
      }],
      "only_hide_from_list": false
    },
    {
      "body_html": "<table width=\"675\" class=\"mce-item-table\"><tbody><tr><td width=\"321\">Giới thiệu chung</td><td width=\"354\">&nbsp;</td></tr><tr><td>Thông tin chi tiết sản phẩm&nbsp;</td><td width=\"354\">&nbsp;</td></tr><tr><td>Thành phần</td><td width=\"354\">Linear alkylbezen sulfonic acid; Natri laureth sulfat, hay natri lauryl ete sulfat: 15% <br> Hương thơm: 1.3%</td></tr><tr><td>Quy cách đóng gói</td><td width=\"354\">4 can/thùng</td></tr><tr><td>Hạn sử dụng</td><td width=\"354\">4 năm kể từ ngày sản xuất</td></tr><tr><td>Dung tích/khối lượng tịnh</td><td width=\"354\">3500ml</td></tr><tr><td>Màu sắc nước giặt</td><td width=\"354\">trắng đục</td></tr><tr><td>Mùi hương</td><td width=\"354\">Oải hương</td></tr><tr><td>Hình dạng</td><td width=\"354\">lỏng</td></tr><tr><td>Công dụng</td><td width=\"354\">'- Tẩy sạch cực nhanh mọi vết bẩn cứng đầu nhất trên quần áo - như cổ áo, tay áo, các vết ố vàng, dầu mỡ...<br> - Khử mùi và lưu giữ hương thơm dài lâu<br> - Không hại da tay<br> <br></td></tr><tr><td>Điểm khác biệt vượt trội so với sản phẩm khác</td><td width=\"354\">1. Hàm lượng chất hoạt động bề mặt cao 15% đánh sạch mọi vết bẩn dính trên quần áo sau khi ngâm 15 phút mà không cần chà lại<br> 2. Tỷ lệ hương thơm cao (01) nên lưu hương trong vòng 01 tuần sau khi giặt<br> 3. Nước giặt xả 2 trong 1 giúp làm mềm vải và không hại sợi vải<br> 4. Độ PH = 7 cân bằng không làm hại da tay, sau khi giặt tay không nhớt và nhờn dính<br> 5. Đậm đặc nên chỉ cần dùng 1 lượng nhỏ có thể giặt cả chậu quần áo đầy, giúp tiết kiệm chi phí</td></tr><tr><td>Hướng dẫn sử dụng</td><td width=\"354\">'- Chia loại quần áo theo mác giặt của từng trang phục.<br> - Giặt tay: Đổ nước giặt lên quần áo bẩn, vò nhẹ rồi ngâm 15 phút trước khi giặt.<br> - Giặt máy: Cho quần áo vào máy, đổ 60ml nước giặt vào khay chia đối với lượng quần áo trung bình/ít bẩn. Đối với quần áo bẩn và số lượng nhiều, đổ nước giặt đến vạch chia 100ml trên khay máy giặt . Hòa đều nước giặt với nước trong máy giặt</td></tr><tr><td>Hướng dẫn bảo quản</td><td width=\"354\">- Bảo quản nơi khô ráo, thoáng mát, tránh ánh nắng trực tiếp<br> - Để xa tầm với của trẻ em, tránh tiếp xúc trực tiếp với dung dịch</td></tr><tr><td>Công bố chất lượng sản phẩm (Post Ảnh TCCS)</td><td width=\"354\">Công bố tiêu chuẩn cơ sở số...../TCCS/BT ngày</td></tr><tr><td>Thông tin thương hiệu</td><td width=\"354\">ODAVI là thương hiệu nước giặt của Công ty MIT Mekong Industry, Thái Lan, được sản xuất sau nhiều ngày tháng nghiên cứu công thức, mùi hương phù hợp với thị trường Việt Nam. <br> ODAVI là sản phẩm kết tinh những giá trị tinh túy nhất của nhà sản xuất với người tiêu dùng Việt Nam như tình yêu của người mẹ dành cho gia đình.<br> Sản phẩm thân thiện môi trường giúp quần áo sạch như mới, dịu nhẹ với da tay và mùi hương tinh tế, lưu hương thơm mát nhiều ngày.&nbsp;</td></tr><tr><td>&nbsp;Đơn vị nhập khẩu và phân phối</td><td width=\"354\">Công ty cổ phần đầu tư &amp; bán lẻ BT<br> Đc: Tầng 11, tòa HTP, số 434 Trần Khát Chân, Hai Bà Trưng, Hà Nội</td></tr></tbody></table><p>####</p><p>https://www.youtube.com/watch?v=gAZJ5dn1gVA</p>",
      "created_at": "2017-09-25T07:51:06.836Z",
      "handle": "nuoc-giat-xa-odavi-dam-dac-huong-oai-huong-tinh-te-can-tim-3500ml",
      "id": 1007065001,
      "images": [
      {
        "created_at": "2017-09-25T07:51:39.689Z",
        "id": 1056975810,
        "position": 1,
        "product_id": 1007065001,
        "src": "http://product.hstatic.net/1000220075/product/8.jpg",
        "updated_at": "2017-09-25T07:56:50.807Z",
        "attachment": null,
        "filename": "8.jpg",
        "variant_ids": [1016193873, 1016194046]
      },
      {
        "created_at": "2017-09-25T07:55:58.556Z",
        "id": 1056976521,
        "position": 2,
        "product_id": 1007065001,
        "src": "http://product.hstatic.net/1000220075/product/7_ac0f04f989004ab689e28d3232546306.jpg",
        "updated_at": "2017-09-25T07:56:55.699Z",
        "attachment": null,
        "filename": "7_ac0f04f989004ab689e28d3232546306.jpg",
        "variant_ids": [1016194047, 1016194048]
      }],
      "product_type": "ODAVI",
      "published_at": "2017-09-25T07:50:46.088Z",
      "published_scope": "global",
      "tags": null,
      "template_suffix": "product",
      "title": "NƯỚC GIẶT XẢ ODAVI ĐẬM ĐẶC HƯƠNG OẢI HƯƠNG TINH TẾ CAN TÍM 3500ML",
      "updated_at": "2017-09-25T07:57:03.842Z",
      "variants": [
      {
        "barcode": null,
        "compare_at_price": 160000,
        "created_at": "2017-09-25T07:51:06.836Z",
        "fulfillment_service": null,
        "grams": 0,
        "id": 1016193873,
        "inventory_management": "haravan",
        "inventory_policy": "deny",
        "inventory_quantity": 12,
        "old_inventory_quantity": 12,
        "inventory_quantity_adjustment": null,
        "position": 1,
        "price": 153600,
        "product_id": 1007065001,
        "requires_shipping": true,
        "sku": null,
        "taxable": true,
        "title": "Tím / 4 can/thùng",
        "updated_at": "2017-09-25T07:57:03.842Z",
        "image_id": 1056975810,
        "option1": "Tím",
        "option2": "4 can/thùng",
        "option3": null,
        "inventory_advance": null
      },
      {
        "barcode": null,
        "compare_at_price": 260000,
        "created_at": "2017-09-25T07:56:19.732Z",
        "fulfillment_service": null,
        "grams": 0,
        "id": 1016194046,
        "inventory_management": "haravan",
        "inventory_policy": "deny",
        "inventory_quantity": 8,
        "old_inventory_quantity": 8,
        "inventory_quantity_adjustment": null,
        "position": 2,
        "price": 253600,
        "product_id": 1007065001,
        "requires_shipping": true,
        "sku": null,
        "taxable": false,
        "title": "Tím / 8 can/thùng",
        "updated_at": "2017-09-25T07:57:03.842Z",
        "image_id": 1056975810,
        "option1": "Tím",
        "option2": "8 can/thùng",
        "option3": null,
        "inventory_advance": null
      },
      {
        "barcode": null,
        "compare_at_price": 160000,
        "created_at": "2017-09-25T07:56:44.52Z",
        "fulfillment_service": null,
        "grams": 0,
        "id": 1016194047,
        "inventory_management": "haravan",
        "inventory_policy": "deny",
        "inventory_quantity": 32,
        "old_inventory_quantity": 32,
        "inventory_quantity_adjustment": null,
        "position": 3,
        "price": 153600,
        "product_id": 1007065001,
        "requires_shipping": true,
        "sku": null,
        "taxable": true,
        "title": "Hồng / 4 can/thùng",
        "updated_at": "2017-09-25T07:57:03.842Z",
        "image_id": 1056976521,
        "option1": "Hồng",
        "option2": "4 can/thùng",
        "option3": null,
        "inventory_advance": null
      },
      {
        "barcode": null,
        "compare_at_price": 260000,
        "created_at": "2017-09-25T07:56:44.52Z",
        "fulfillment_service": null,
        "grams": 0,
        "id": 1016194048,
        "inventory_management": "haravan",
        "inventory_policy": "deny",
        "inventory_quantity": 6,
        "old_inventory_quantity": 6,
        "inventory_quantity_adjustment": null,
        "position": 4,
        "price": 253600,
        "product_id": 1007065001,
        "requires_shipping": true,
        "sku": null,
        "taxable": false,
        "title": "Hồng / 8 can/thùng",
        "updated_at": "2017-09-25T07:57:03.842Z",
        "image_id": 1056976521,
        "option1": "Hồng",
        "option2": "8 can/thùng",
        "option3": null,
        "inventory_advance": null
      }],
      "vendor": "Thái Lan",
      "options": [
      {
        "name": "Color",
        "id": 1538235627,
        "position": 1,
        "product_id": 1007065001
      },
      {
        "name": "Quy cách đóng gói",
        "id": 1538228102,
        "position": 2,
        "product_id": 1007065001
      }],
      "only_hide_from_list": false
    },
    {
      "body_html": "<table width=\"695\" class=\"mce-item-table\"><tbody><tr><td width=\"321\">Giới thiệu chung</td><td width=\"374\">&nbsp;</td></tr><tr><td>Thông tin chi tiết sản phẩm&nbsp;</td><td width=\"374\">&nbsp;</td></tr><tr><td>Thành phần</td><td width=\"374\">Linear alkylbezen sulfonic acid; Natri laureth sulfat, hay natri lauryl ete sulfat: 15% <br> Hương thơm: 1.3%</td></tr><tr><td>Quy cách đóng gói</td><td width=\"374\">4 can/thùng</td></tr><tr><td>Hạn sử dụng</td><td width=\"374\">3 năm kể từ ngày sản xuất</td></tr><tr><td>Dung tích/khối lượng tịnh</td><td width=\"374\">3500ml</td></tr><tr><td>Màu sắc nước giặt</td><td width=\"374\">trắng đục</td></tr><tr><td>Mùi hương</td><td width=\"374\">Nước hoa</td></tr><tr><td>Hình dạng</td><td width=\"374\">lỏng</td></tr><tr><td>Công dụng</td><td width=\"374\">'- Tẩy sạch cực nhanh mọi vết bẩn cứng đầu nhất trên quần áo - như cổ áo, tay áo, các vết ố vàng, dầu mỡ...<br> - Khử mùi và lưu giữ hương thơm dài lâu<br> - Không hại da tay<br> <br></td></tr><tr><td>Điểm khác biệt vượt trội so với sản phẩm khác</td><td width=\"374\">1. Hàm lượng chất hoạt động bề mặt cao 15% đánh sạch mọi vết bẩn dính trên quần áo sau khi ngâm 15 phút mà không cần chà lại<br> 2. Tỷ lệ hương thơm cao (01) nên lưu hương trong vòng 01 tuần sau khi giặt<br> 3. Nước giặt xả 2 trong 1 giúp làm mềm vải và không hại sợi vải<br> 4. Độ PH = 7 cân bằng không làm hại da tay, sau khi giặt tay không nhớt và nhờn dính<br> 5. Đậm đặc nên chỉ cần dùng 1 lượng nhỏ có thể giặt cả chậu quần áo đầy, giúp tiết kiệm chi phí</td></tr><tr><td>Hướng dẫn sử dụng</td><td width=\"374\">'- Chia loại quần áo theo mác giặt của từng trang phục.<br> - Giặt tay: Đổ nước giặt lên quần áo bẩn, vò nhẹ rồi ngâm 15 phút trước khi giặt.<br> - Giặt máy: Cho quần áo vào máy, đổ 60ml nước giặt vào khay chia đối với lượng quần áo trung bình/ít bẩn. Đối với quần áo bẩn và số lượng nhiều, đổ nước giặt đến vạch chia 100ml trên khay máy giặt . Hòa đều nước giặt với nước trong máy giặt</td></tr><tr><td>Hướng dẫn bảo quản</td><td width=\"374\">- Bảo quản nơi khô ráo, thoáng mát, tránh ánh nắng trực tiếp<br> - Để xa tầm với của trẻ em, tránh tiếp xúc trực tiếp với dung dịch</td></tr><tr><td>Công bố chất lượng sản phẩm (Post Ảnh TCCS)</td><td width=\"374\">Công bố tiêu chuẩn cơ sở số...../TCCS/BT ngày</td></tr><tr><td>Thông tin thương hiệu</td><td width=\"374\">ODAVI là thương hiệu nước giặt của Công ty MIT Mekong Industry, Thái Lan, được sản xuất sau nhiều ngày tháng nghiên cứu công thức, mùi hương phù hợp với thị trường Việt Nam. <br> ODAVI là sản phẩm kết tinh những giá trị tinh túy nhất của nhà sản xuất với người tiêu dùng Việt Nam như tình yêu của người mẹ dành cho gia đình.<br> Sản phẩm thân thiện môi trường giúp quần áo sạch như mới, dịu nhẹ với da tay và mùi hương tinh tế, lưu hương thơm mát nhiều ngày.&nbsp;</td></tr><tr><td>&nbsp;Đơn vị nhập khẩu và phân phối</td><td width=\"374\">Công ty cổ phần đầu tư &amp; bán lẻ BT<br> Đc: Tầng 11, tòa HTP, số 434 Trần Khát Chân, Hai Bà Trưng, Hà Nội</td></tr></tbody></table><p>####</p><p>https://www.youtube.com/watch?v=gAZJ5dn1gVA</p>",
      "created_at": "2017-09-25T07:50:46.103Z",
      "handle": "nuoc-giat-xa-odavi-dam-dac-huong-nuoc-hoa-nong-nan-can-hong-3500ml-odavi-tinh-tuy-huong-tinh-yeu",
      "id": 1007064998,
      "images": [
      {
        "created_at": "2017-09-25T07:50:57.71Z",
        "id": 1056975776,
        "position": 1,
        "product_id": 1007064998,
        "src": "http://product.hstatic.net/1000220075/product/7.jpg",
        "updated_at": "2017-09-25T07:50:57.725Z",
        "attachment": null,
        "filename": "7.jpg",
        "variant_ids": []
      }],
      "product_type": "ODAVI",
      "published_at": "2017-09-25T07:50:46.088Z",
      "published_scope": "global",
      "tags": null,
      "template_suffix": "product",
      "title": "NƯỚC GIẶT XẢ ODAVI ĐẬM ĐẶC HƯƠNG NƯỚC HOA NỒNG NÀN CAN HỒNG 3500ML  \"ODAVI - TINH TÚY HƯƠNG TÌNH YÊU\"",
      "updated_at": "2017-09-25T07:52:23.697Z",
      "variants": [
      {
        "barcode": null,
        "compare_at_price": 160000,
        "created_at": "2017-09-25T07:50:46.103Z",
        "fulfillment_service": null,
        "grams": 0,
        "id": 1016193870,
        "inventory_management": "haravan",
        "inventory_policy": "deny",
        "inventory_quantity": 0,
        "old_inventory_quantity": 0,
        "inventory_quantity_adjustment": null,
        "position": 1,
        "price": 153600,
        "product_id": 1007064998,
        "requires_shipping": true,
        "sku": null,
        "taxable": true,
        "title": "4 can/thùng",
        "updated_at": "2017-09-25T07:52:23.697Z",
        "image_id": null,
        "option1": "4 can/thùng",
        "option2": null,
        "option3": null,
        "inventory_advance": null
      }],
      "vendor": "Thái Lan",
      "options": [
      {
        "name": "Quy cách đóng gói",
        "id": 1538228051,
        "position": 1,
        "product_id": 1007064998
      }],
      "only_hide_from_list": false
    },
    {
      "body_html": "<table width=\"100%\" class=\"mce-item-table\"><tbody><tr><td width=\"328\"><p>Giới thiệu chung</p></td><td width=\"365\"><p>Giới thiệu chung</p></td></tr><tr><td><p>Thành phần</p></td><td width=\"365\"><p>Sodium Lauryl Ether Sulfate, LAS, Sodium Salt, Tinh dầu xả, Hương liệu…</p></td></tr><tr><td><p>Quy cách đóng gói</p></td><td width=\"365\"><p>6 chai/thùng</p></td></tr><tr><td><p>Hạn sử dụng</p></td><td width=\"365\"><p>3 năm</p></td></tr><tr><td><p>Dung tích/khối lượng tịnh</p></td><td width=\"365\"><p>2000ml</p></td></tr><tr><td><p>Màu sắc nước tẩy</p></td><td width=\"365\"><p>hồng</p></td></tr><tr><td><p>Mùi hương</p></td><td width=\"365\"><p>Hương ban mai</p></td></tr><tr><td><p>Hình dạng</p></td><td width=\"365\"><p>Chất lỏng</p></td></tr><tr><td><p>Công dụng</p></td><td width=\"365\"><p><br> - Đánh sạch vết bẩn trên sàn trong vòng 05 phút khi dùng nước lau sàn nguyên chất<br> - Lau sàn sạch cực nhanh với nước lau sàn đã pha</p></td></tr><tr><td><p>Điểm khác biệt vượt trội so với sản phẩm khác</p></td><td width=\"365\"><p>1. Nước lau sàn đậm đặc OKAY hương hoa tươi mát không chứa axit, không hoạt chất bào mòn, cực kỳ an toàn cho sàn nhà và cả sức khỏe người sử dụng.<br> 2. Hiệu quả làm sạch cực nhanh, không cần lau lại bằng nước<br> 3. Sàn không dính, nhớt sau khi lau xong <br> 4. Có thể sử dụng trên mọi loại bề mặt như: sàn gạch men, nền đá hoa, mặt gỗ, đồ nhựa...giúp bề mặt sáng bóng, sạch khuẩn và ngọt ngào hương thơm sau mỗi lần sử dụng.<br> 5. Tiết kiệm chi phí: Chỉ cần hòa tỷ lệ 1:10<br> 6. Lưu hương thơm tươi mát trong suốt 12 giờ<br> 7.&nbsp; Có thể sử dụng để tẩy sạch bề mặt tủ lạnh, tủ, kệ, lavabo</p></td></tr><tr><td><p>Hướng dẫn sử dụng</p></td><td width=\"365\"><p>- Cho 1 nắp đầy vào ½ xô nước, dùng cây lau nhà hoặc rẻ lau, lau sạch bề mặt cần làm sạch. Không cần lau lại với nước để lưu giữ hương thơm tự nhiên từ sản phẩm.<br> - Đối với vết bẩn khó tẩy, cho trực tiếp lên vết bẩn và cọ rửa như bình thường</p></td></tr><tr><td><p>Hướng dẫn bảo quản</p></td><td width=\"365\"><p>- Bảo quản nơi khô ráo, thoáng mát, tránh ánh nắng trực tiếp<br> - Để xa tầm với của trẻ em, tránh tiếp xúc trực tiếp với dung dịch</p></td></tr><tr><td><p>Công bố chất lượng sản phẩm (Post Ảnh TCCS)</p></td><td width=\"365\"><p>Công bố tiêu chuẩn cơ sở số...../TCCS/BT ngày</p></td></tr><tr><td><p>Thông tin thương hiệu</p></td><td width=\"365\"><p>'- OKAY là thương hiệu của Công ty WhiteHouse Thái Lan xuất hiện tại thị trường Việt nam từ năm 1998, đến nay, OKAY đã&nbsp; trở thành một trong những thương hiệu về chất tẩy rửa được nhiều người dùng nhất tại Việt Nam. <br> - Để đạt được tiêu chuẩn chất lượng cao nhất, sản phẩm OKAY phải trải qua những quy trình sản xuất nghiêm ngặt tại nhà máy WhiteHouse Thái lan. Đây là đơn vị được cấp chứng nhận ISO 9001:2008 về quản lý hệ thống; ISO 14001:2004 về hệ thống quản lý môi trường và nhiều chứng chỉ quốc tế khác. Các sản phẩm của Whitehouse luôn đạt chất lượng, an toàn cho người sử dụng</p></td></tr><tr><td><p>&nbsp;Đơn vị nhập khẩu và phân phối</p></td><td width=\"365\"><p>Công ty cổ phần đầu tư &amp; bán lẻ BT<br> Đc: Tầng 11, tòa HTP, số 434 Trần Khát Chân, Hai Bà Trưng, Hà Nội</p></td></tr></tbody></table><p>#### </p><p>https://www.youtube.com/watch?v=gAZJ5dn1gVA</p>",
      "created_at": "2017-09-25T07:24:41.233Z",
      "handle": "nuoc-lau-san-okay-huong-hoa-tuoi-mat-chai-hong-2l",
      "id": 1007064615,
      "images": [
      {
        "created_at": "2017-09-25T07:24:41.67Z",
        "id": 1056971457,
        "position": 1,
        "product_id": 1007064615,
        "src": "http://product.hstatic.net/1000220075/product/5.jpg",
        "updated_at": "2017-09-25T07:24:41.732Z",
        "attachment": null,
        "filename": "5.jpg",
        "variant_ids": []
      },
      {
        "created_at": "2017-09-25T07:24:41.701Z",
        "id": 1056971458,
        "position": 2,
        "product_id": 1007064615,
        "src": "http://product.hstatic.net/1000220075/product/6.jpg",
        "updated_at": "2017-09-25T07:24:41.732Z",
        "attachment": null,
        "filename": "6.jpg",
        "variant_ids": []
      }],
      "product_type": "OKAY",
      "published_at": "2017-09-25T07:24:41.218Z",
      "published_scope": "global",
      "tags": null,
      "template_suffix": "product",
      "title": "NƯỚC LAU SÀN OKAY HƯƠNG HOA TƯƠI MÁT CHAI  HỒNG 2L",
      "updated_at": "2017-09-25T07:41:50.96Z",
      "variants": [
      {
        "barcode": null,
        "compare_at_price": 65000,
        "created_at": "2017-09-25T07:24:41.233Z",
        "fulfillment_service": null,
        "grams": 0,
        "id": 1016192658,
        "inventory_management": "haravan",
        "inventory_policy": "deny",
        "inventory_quantity": 4,
        "old_inventory_quantity": 4,
        "inventory_quantity_adjustment": null,
        "position": 1,
        "price": 61750,
        "product_id": 1007064615,
        "requires_shipping": true,
        "sku": null,
        "taxable": true,
        "title": "6 chai/thùng",
        "updated_at": "2017-09-25T07:41:50.96Z",
        "image_id": null,
        "option1": "6 chai/thùng",
        "option2": null,
        "option3": null,
        "inventory_advance": null
      }],
      "vendor": "Thái Lan",
      "options": [
      {
        "name": "Quy cách đóng gói",
        "id": 1538197713,
        "position": 1,
        "product_id": 1007064615
      }],
      "only_hide_from_list": false
    },
    {
      "body_html": "<table width=\"720\" class=\"mce-item-table\"><tbody><tr><td width=\"328\">Giới thiệu chung</td><td width=\"392\">Giới thiệu chung</td></tr><tr><td>Thành phần</td><td width=\"392\">Sodium Lauryl Ether Sulfate, LAS, Sodium Salt, Tinh dầu xả, Hương liệu…</td></tr><tr><td>Quy cách đóng gói</td><td width=\"392\">7 chai/thùng</td></tr><tr><td>Hạn sử dụng</td><td width=\"392\">4 năm</td></tr><tr><td>Dung tích/khối lượng tịnh</td><td width=\"392\">2000ml</td></tr><tr><td>Màu sắc nước tẩy</td><td width=\"392\">xanh</td></tr><tr><td>Mùi hương</td><td width=\"392\">Hương ban mai</td></tr><tr><td>Hình dạng</td><td width=\"392\">Chất lỏng</td></tr><tr><td>Công dụng</td><td width=\"392\"><br> - Đánh sạch vết bẩn trên sàn trong vòng 05 phút khi dùng nước lau sàn nguyên chất<br> - Lau sàn sạch cực nhanh với nước lau sàn đã pha</td></tr><tr><td>Điểm khác biệt vượt trội so với sản phẩm khác</td><td width=\"392\">1. Nước lau sàn đậm đặc OKAY hương chanh sảng khoái không chứa axit, không hoạt chất bào mòn, cực kỳ an toàn cho sàn nhà và cả sức khỏe người sử dụng.<br> 2. Hiệu quả làm sạch cực nhanh, không cần lau lại bằng nước<br> 3. Sàn không dính, nhớt sau khi lau xong <br> 4. Xua đuổi côn trùng gián, kiến...trên sàn nhà<br> 5. Có thể sử dụng trên mọi loại bề mặt như: sàn gạch men, nền đá hoa, mặt gỗ, đồ nhựa...giúp bề mặt sáng bóng, sạch khuẩn và ngọt ngào hương thơm sau mỗi lần sử dụng.<br> 6. Tiết kiệm chi phí: Chỉ cần hòa tỷ lệ 1:10<br> 7. Lưu hương thơm tươi mát trong suốt 12 giờ<br> 8.&nbsp; Có thể sử dụng để tẩy sạch bề mặt tủ lạnh, tủ, kệ, lavabo<br></td></tr><tr><td>Hướng dẫn sử dụng</td><td width=\"392\">- Cho 1 nắp đầy vào ½ xô nước, dùng cây lau nhà hoặc rẻ lau, lau sạch bề mặt cần làm sạch. Không cần lau lại với nước để lưu giữ hương thơm tự nhiên từ sản phẩm.<br> - Đối với vết bẩn khó tẩy, cho trực tiếp lên vết bẩn và cọ rửa như bình thường</td></tr><tr><td>Hướng dẫn bảo quản</td><td width=\"392\">- Bảo quản nơi khô ráo, thoáng mát, tránh ánh nắng trực tiếp<br> - Để xa tầm với của trẻ em, tránh tiếp xúc trực tiếp với dung dịch</td></tr><tr><td>Công bố chất lượng sản phẩm (Post Ảnh TCCS)</td><td width=\"392\">Công bố tiêu chuẩn cơ sở số...../TCCS/BT ngày</td></tr><tr><td>Thông tin thương hiệu</td><td width=\"392\">'- OKAY là thương hiệu của Công ty WhiteHouse Thái Lan xuất hiện tại thị trường Việt nam từ năm 1998, đến nay, OKAY đã&nbsp; trở thành một trong những thương hiệu về chất tẩy rửa được nhiều người dùng nhất tại Việt Nam. <br> - Để đạt được tiêu chuẩn chất lượng cao nhất, sản phẩm OKAY phải trải qua những quy trình sản xuất nghiêm ngặt tại nhà máy WhiteHouse Thái lan. Đây là đơn vị được cấp chứng nhận ISO 9001:2008 về quản lý hệ thống; ISO 14001:2004 về hệ thống quản lý môi trường và nhiều chứng chỉ quốc tế khác. Các sản phẩm của Whitehouse luôn đạt chất lượng, an toàn cho người sử dụng</td></tr><tr><td>&nbsp;Đơn vị nhập khẩu và phân phối</td><td width=\"392\">Công ty cổ phần đầu tư &amp; bán lẻ BT<br> Đc: Tầng 11, tòa HTP, số 434 Trần Khát Chân, Hai Bà Trưng, Hà Nội</td></tr></tbody></table><p>####</p><p>https://www.youtube.com/watch?v=gAZJ5dn1gVA</p>",
      "created_at": "2017-09-25T07:41:36.006Z",
      "handle": "nuoc-lau-san-okay-huong-chanh-diet-sach-con-trung-chai-xanh-2l",
      "id": 1007064896,
      "images": [
      {
        "created_at": "2017-09-25T07:41:36.623Z",
        "id": 1056974566,
        "position": 1,
        "product_id": 1007064896,
        "src": "http://product.hstatic.net/1000220075/product/2.jpg",
        "updated_at": "2017-09-25T07:41:36.639Z",
        "attachment": null,
        "filename": "2.jpg",
        "variant_ids": []
      }],
      "product_type": "OKAY",
      "published_at": "2017-09-25T07:41:36.006Z",
      "published_scope": "global",
      "tags": null,
      "template_suffix": "product",
      "title": "NƯỚC LAU SÀN OKAY HƯƠNG CHANH DIỆT SẠCH CÔN TRÙNG CHAI XANH 2L",
      "updated_at": "2017-09-25T07:41:36.639Z",
      "variants": [
      {
        "barcode": null,
        "compare_at_price": 65001,
        "created_at": "2017-09-25T07:41:36.006Z",
        "fulfillment_service": null,
        "grams": 0,
        "id": 1016193652,
        "inventory_management": "haravan",
        "inventory_policy": "deny",
        "inventory_quantity": 7,
        "old_inventory_quantity": 7,
        "inventory_quantity_adjustment": null,
        "position": 1,
        "price": 61751,
        "product_id": 1007064896,
        "requires_shipping": true,
        "sku": null,
        "taxable": true,
        "title": "6 chai/thùng",
        "updated_at": "2017-09-25T07:41:36.193Z",
        "image_id": null,
        "option1": "6 chai/thùng",
        "option2": null,
        "option3": null,
        "inventory_advance": null
      }],
      "vendor": "Thái Lan",
      "options": [
      {
        "name": "Quy cách đóng gói",
        "id": 1538217066,
        "position": 1,
        "product_id": 1007064896
      }],
      "only_hide_from_list": false
    },
    {
      "body_html": "<table width=\"100%\" class=\"mce-item-table\"><tbody><tr><td width=\"328\">Giới thiệu chung</td><td width=\"352\">Giới thiệu chung</td></tr><tr><td>Thành phần</td><td width=\"352\">Acid Clohydric, Acid Sulphamic, Noionic surfactant, Polymer, hương liệu</td></tr><tr><td>Quy cách đóng gói</td><td width=\"352\">12 chai/thùng</td></tr><tr><td>Hạn sử dụng</td><td width=\"352\">5 năm</td></tr><tr><td>Dung tích/khối lượng tịnh</td><td width=\"352\">960ml</td></tr><tr><td>Màu sắc nước tẩy</td><td width=\"352\">Vàng</td></tr><tr><td>Mùi hương</td><td width=\"352\">Hương ban mai</td></tr><tr><td>Hình dạng</td><td width=\"352\">Chất lỏng</td></tr><tr><td>Công dụng</td><td width=\"352\">Nước tẩy toilet OKAY hương bạc hà 960ml là thương hiệu được ưa thích nhất tại Thái lan giúp<br> - Tẩy sạch vết bẩn cứng đầu, tẩy vết ố vàng, vi trùng và các mùi hôi bám trong toilet.<br> - Khử mùi hôi và diệt sạch 100% vi khuẩn<br> - Lưu lại hương thơm mát cho bồn cầu và nhà vệ sinh&nbsp;</td></tr><tr><td>Điểm khác biệt vượt trội so với sản phẩm khác</td><td width=\"352\">1. OKAY là một trong 05 thương hiệu nước tẩy rửa được yêu thích nhất tại Việt Nam<br> 2. Đánh sạch mọi mảng bám, vết ố vàng, vi khuẩn trên mặt gạch hoặc sứ vệ sinh trong thời gian 5-10 giây sau khi tiếp xúc vết bẩn<br> &nbsp;3. Diệt 100% vi khuẩn trong nhà tắm mà không làm mòn mặt gạch hoặc bồn cầu<br> 4. Thành phần chất tẩy có nồng độ hóa chất vừa phải không gây hại cho da khi tiếp xúc<br> <br> &nbsp;&nbsp;&nbsp;</td></tr><tr><td>Hướng dẫn sử dụng</td><td width=\"352\">'- Hòa Okay với nước theo tỉ lệ 1:3, hoặc dùng trực tiếp với những vết bẩn cứng đầu và bồn cầu<br> - Chờ khoảng 01-02 phút sau đó dùng nước và chổi cọ thật sạch</td></tr><tr><td>Hướng dẫn bảo quản</td><td width=\"352\">- Bảo quản nơi khô ráo, thoáng mát, tránh ánh nắng trực tiếp<br> - Để xa tầm với của trẻ em, tránh tiếp xúc trực tiếp với nước tẩy&nbsp;</td></tr><tr><td>Công bố chất lượng sản phẩm (Post Ảnh TCCS)</td><td width=\"352\">Công bố tiêu chuẩn cơ sở số...../TCCS/BT ngày</td></tr><tr><td>Thông tin thương hiệu</td><td width=\"352\">'- OKAY là thương hiệu của Công ty WhiteHouse Thái Lan xuất hiện tại thị trường Việt nam từ năm 1998, đến nay, OKAY đã&nbsp; trở thành một trong những thương hiệu về chất tẩy rửa được nhiều người dùng nhất tại Việt Nam. <br> - Để đạt được tiêu chuẩn chất lượng cao nhất, sản phẩm OKAY phải trải qua những quy trình sản xuất nghiêm ngặt tại nhà máy WhiteHouse Thái lan. Đây là đơn vị được cấp chứng nhận ISO 9001:2008 về quản lý hệ thống; ISO 14001:2004 về hệ thống quản lý môi trường và nhiều chứng chỉ quốc tế khác. Các sản phẩm của Whitehouse luôn đạt chất lượng, an toàn cho người sử dụng</td></tr><tr><td>&nbsp;Đơn vị nhập khẩu và phân phối</td><td width=\"352\">Công ty cổ phần đầu tư &amp; bán lẻ BT<br> Đc: Tầng 11, tòa HTP, số 434 Trần Khát Chân, Hai Bà Trưng, Hà Nội</td></tr></tbody></table><p>####</p><p>https://www.youtube.com/watch?v=gAZJ5dn1gVA</p>",
      "created_at": "2017-09-25T07:16:10.254Z",
      "handle": "nuoc-tay-toilet-okay-huong-ban-mai-chai-vang-960ml",
      "id": 1007064426,
      "images": [
      {
        "created_at": "2017-09-25T07:16:10.644Z",
        "id": 1056968883,
        "position": 1,
        "product_id": 1007064426,
        "src": "http://product.hstatic.net/1000220075/product/3.jpg",
        "updated_at": "2017-09-25T07:16:10.675Z",
        "attachment": null,
        "filename": "3.jpg",
        "variant_ids": []
      }],
      "product_type": "OKAY",
      "published_at": "2017-09-25T07:16:10.239Z",
      "published_scope": "global",
      "tags": null,
      "template_suffix": "product",
      "title": "NƯỚC TẨY TOILET OKAY HƯƠNG BAN MAI CHAI VÀNG 960ML",
      "updated_at": "2017-09-25T07:34:28.425Z",
      "variants": [
      {
        "barcode": null,
        "compare_at_price": 25000,
        "created_at": "2017-09-25T07:16:10.254Z",
        "fulfillment_service": null,
        "grams": 0,
        "id": 1016192230,
        "inventory_management": "haravan",
        "inventory_policy": "deny",
        "inventory_quantity": 0,
        "old_inventory_quantity": 0,
        "inventory_quantity_adjustment": null,
        "position": 1,
        "price": 23750,
        "product_id": 1007064426,
        "requires_shipping": true,
        "sku": "8850563310007",
        "taxable": true,
        "title": "12 chai/thùng",
        "updated_at": "2017-09-25T07:34:28.425Z",
        "image_id": null,
        "option1": "12 chai/thùng",
        "option2": null,
        "option3": null,
        "inventory_advance": null
      }],
      "vendor": "Thái Lan",
      "options": [
      {
        "name": "Quy cách đóng gói",
        "id": 1538187431,
        "position": 1,
        "product_id": 1007064426
      }],
      "only_hide_from_list": false
    }],
    "after": "t3_72c5l6",
    "before": null
  }
}
